{"fingerprint":"00dfe7e501eda6755c66eb9f1bc3ee9f6c289506f4091d6e0fb125f8aedfba73","timestamp":1749641411982,"result":{"columnStats":{"sepal.length":{"type":"numeric","totalCount":150,"validCount":150,"missingCount":0,"missingPercent":0,"unique":35,"uniquePercent":23.333333333333332,"min":4.3,"max":7.9,"mean":5.843333333333335,"median":5.8,"mode":5,"stdDev":0.8253012917851409,"variance":0.6811222222222222,"q1":5.1,"q3":6.4,"iqr":1.3000000000000007,"outliers":0,"skewness":0.31175305850229296,"kurtosis":-0.5735679489249783},"sepal.width":{"type":"numeric","totalCount":150,"validCount":150,"missingCount":0,"missingPercent":0,"unique":23,"uniquePercent":15.333333333333332,"min":2,"max":4.4,"mean":3.057333333333334,"median":3,"mode":3,"stdDev":0.43441096773549437,"variance":0.1887128888888887,"q1":2.8,"q3":3.3,"iqr":0.5,"outliers":4,"skewness":0.31576710633893207,"kurtosis":0.18097631752247345},"petal.length":{"type":"numeric","totalCount":150,"validCount":150,"missingCount":0,"missingPercent":0,"unique":43,"uniquePercent":28.666666666666668,"min":1,"max":6.9,"mean":3.7580000000000027,"median":4.35,"mode":1.4,"stdDev":1.7594040657753032,"variance":3.0955026666666674,"q1":1.6,"q3":5.1,"iqr":3.4999999999999996,"outliers":0,"skewness":-0.272127666456726,"kurtosis":-1.395535886399004},"petal.width":{"type":"numeric","totalCount":150,"validCount":150,"missingCount":0,"missingPercent":0,"unique":22,"uniquePercent":14.666666666666666,"min":0.1,"max":2.5,"mean":1.199333333333334,"median":1.3,"mode":0.2,"stdDev":0.7596926279021594,"variance":0.5771328888888888,"q1":0.3,"q3":1.8,"iqr":1.5,"outliers":0,"skewness":-0.10193420656560269,"kurtosis":-1.3360674052315518},"variety":{"type":"categorical","totalCount":150,"validCount":150,"missingCount":0,"missingPercent":0,"unique":3,"uniquePercent":2,"topValues":[["Setosa",50],["Versicolor",50],["Virginica",50]],"entropy":1.584962500721156,"mode":"Setosa","modeCount":50,"modePercent":33.33333333333333}},"correlations":{"all":[{"pair":"petal.length & petal.width","colA":"petal.length","colB":"petal.width","correlation":0.9628654314027956,"strength":0.9628654314027956,"sampleSize":150},{"pair":"sepal.length & petal.length","colA":"sepal.length","colB":"petal.length","correlation":0.871753775886583,"strength":0.871753775886583,"sampleSize":150},{"pair":"sepal.length & petal.width","colA":"sepal.length","colB":"petal.width","correlation":0.8179411262715759,"strength":0.8179411262715759,"sampleSize":150},{"pair":"sepal.width & petal.length","colA":"sepal.width","colB":"petal.length","correlation":-0.42844010433054003,"strength":0.42844010433054003,"sampleSize":150},{"pair":"sepal.width & petal.width","colA":"sepal.width","colB":"petal.width","correlation":-0.3661259325364395,"strength":0.3661259325364395,"sampleSize":150},{"pair":"sepal.length & sepal.width","colA":"sepal.length","colB":"sepal.width","correlation":-0.11756978413300206,"strength":0.11756978413300206,"sampleSize":150}],"strong":[{"pair":"petal.length & petal.width","colA":"petal.length","colB":"petal.width","correlation":0.9628654314027956,"strength":0.9628654314027956,"sampleSize":150},{"pair":"sepal.length & petal.length","colA":"sepal.length","colB":"petal.length","correlation":0.871753775886583,"strength":0.871753775886583,"sampleSize":150},{"pair":"sepal.length & petal.width","colA":"sepal.length","colB":"petal.width","correlation":0.8179411262715759,"strength":0.8179411262715759,"sampleSize":150}],"moderate":[{"pair":"sepal.width & petal.length","colA":"sepal.width","colB":"petal.length","correlation":-0.42844010433054003,"strength":0.42844010433054003,"sampleSize":150},{"pair":"sepal.width & petal.width","colA":"sepal.width","colB":"petal.width","correlation":-0.3661259325364395,"strength":0.3661259325364395,"sampleSize":150}],"weak":[{"pair":"sepal.length & sepal.width","colA":"sepal.length","colB":"sepal.width","correlation":-0.11756978413300206,"strength":0.11756978413300206,"sampleSize":150}],"positive":[{"pair":"petal.length & petal.width","colA":"petal.length","colB":"petal.width","correlation":0.9628654314027956,"strength":0.9628654314027956,"sampleSize":150},{"pair":"sepal.length & petal.length","colA":"sepal.length","colB":"petal.length","correlation":0.871753775886583,"strength":0.871753775886583,"sampleSize":150},{"pair":"sepal.length & petal.width","colA":"sepal.length","colB":"petal.width","correlation":0.8179411262715759,"strength":0.8179411262715759,"sampleSize":150}],"negative":[{"pair":"sepal.width & petal.length","colA":"sepal.width","colB":"petal.length","correlation":-0.42844010433054003,"strength":0.42844010433054003,"sampleSize":150},{"pair":"sepal.width & petal.width","colA":"sepal.width","colB":"petal.width","correlation":-0.3661259325364395,"strength":0.3661259325364395,"sampleSize":150},{"pair":"sepal.length & sepal.width","colA":"sepal.length","colB":"sepal.width","correlation":-0.11756978413300206,"strength":0.11756978413300206,"sampleSize":150}]},"insights":[{"type":"info","category":"Outliers","message":"sepal.width contains 4 potential outliers using IQR method","severity":"medium"},{"type":"insight","category":"Multicollinearity","message":"Found 3 strong correlations (>0.7) - potential multicollinearity detected","severity":"medium"}],"summary":{"totalRows":150,"totalColumns":5,"numericColumns":4,"categoricalColumns":1,"totalMissingValues":0}}}