{"fingerprint":"4789d02de73b223f05ea2689842e40ce3a98da7d36ca895bbb1bf1e751cda259","timestamp":1749644238604,"result":{"columnStats":{"PassengerId":{"type":"numeric","totalCount":891,"validCount":891,"missingCount":0,"missingPercent":0,"unique":891,"uniquePercent":100,"min":1,"max":891,"mean":446,"median":446,"mode":1,"stdDev":257.20938292890224,"variance":66156.66666666667,"q1":223.5,"q3":668.5,"iqr":445,"outliers":0,"skewness":1.814236502642231e-16,"kurtosis":-1.2000030231269185},"Survived":{"type":"numeric","totalCount":891,"validCount":891,"missingCount":0,"missingPercent":0,"unique":2,"uniquePercent":0.22446689113355783,"min":0,"max":1,"mean":0.3838383838383838,"median":0,"mode":0,"stdDev":0.48631931786710086,"variance":0.2365064789307223,"q1":0,"q3":1,"iqr":1,"outliers":0,"skewness":0.47771746625684985,"kurtosis":-1.7717860224331479},"Pclass":{"type":"numeric","totalCount":891,"validCount":891,"missingCount":0,"missingPercent":0,"unique":3,"uniquePercent":0.33670033670033667,"min":1,"max":3,"mean":2.308641975308642,"median":3,"mode":3,"stdDev":0.8356019334795189,"variance":0.6982305912347103,"q1":2,"q3":3,"iqr":1,"outliers":0,"skewness":-0.6294858816096875,"kurtosis":-1.2795696818700657},"Name":{"type":"categorical","totalCount":891,"validCount":891,"missingCount":0,"missingPercent":0,"unique":891,"uniquePercent":100,"topValues":[["Braund, Mr. Owen Harris",1],["Cumings, Mrs. John Bradley (Florence Briggs Thayer)",1],["Heikkinen, Miss. Laina",1],["Futrelle, Mrs. Jacques Heath (Lily May Peel)",1],["Allen, Mr. William Henry",1],["Moran, Mr. James",1],["McCarthy, Mr. Timothy J",1],["Palsson, Master. Gosta Leonard",1],["Johnson, Mrs. Oscar W (Elisabeth Vilhelmina Berg)",1],["Nasser, Mrs. Nicholas (Adele Achem)",1]],"entropy":9.79928162152199,"mode":"Braund, Mr. Owen Harris","modeCount":1,"modePercent":0.11223344556677892},"Sex":{"type":"categorical","totalCount":891,"validCount":891,"missingCount":0,"missingPercent":0,"unique":2,"uniquePercent":0.22446689113355783,"topValues":[["male",577],["female",314]],"entropy":0.9362046432498521,"mode":"male","modeCount":577,"modePercent":64.75869809203144},"Age":{"type":"numeric","totalCount":891,"validCount":891,"missingCount":0,"missingPercent":0,"unique":89,"uniquePercent":9.988776655443322,"min":0.42,"max":80,"mean":29.69911764705882,"median":28,"mode":24,"stdDev":14.516321150817317,"variance":210.7235797536662,"q1":20.125,"q3":38,"iqr":17.875,"outliers":11,"skewness":0.38828985146986583,"kurtosis":0.16863657224284934},"SibSp":{"type":"numeric","totalCount":891,"validCount":891,"missingCount":0,"missingPercent":0,"unique":7,"uniquePercent":0.7856341189674524,"min":0,"max":8,"mean":0.5230078563411896,"median":0,"mode":0,"stdDev":1.1021244350892836,"variance":1.2146782704208727,"q1":0,"q3":1,"iqr":1,"outliers":46,"skewness":3.6891276847759737,"kurtosis":17.773511746921482},"Parch":{"type":"numeric","totalCount":891,"validCount":891,"missingCount":0,"missingPercent":0,"unique":7,"uniquePercent":0.7856341189674524,"min":0,"max":6,"mean":0.38159371492704824,"median":0,"mode":0,"stdDev":0.8056047612452284,"variance":0.6489990313409815,"q1":0,"q3":0,"iqr":0,"outliers":213,"skewness":2.7444867379203144,"kurtosis":9.716613236666698},"Ticket":{"type":"numeric","totalCount":891,"validCount":891,"missingCount":0,"missingPercent":0,"unique":681,"uniquePercent":76.43097643097643,"min":693,"max":3101298,"mean":260318.54916792738,"median":236171,"mode":1601,"stdDev":471252.39442711073,"variance":222078819253.28513,"q1":19996,"q3":347743,"iqr":327747,"outliers":16,"skewness":5.25380158355116,"kurtosis":28.999447596064826},"Fare":{"type":"numeric","totalCount":891,"validCount":891,"missingCount":0,"missingPercent":0,"unique":248,"uniquePercent":27.83389450056117,"min":0,"max":512.3292,"mean":32.2042079685746,"median":14.4542,"mode":8.05,"stdDev":49.66553444477411,"variance":2466.6653116850434,"q1":7.9104,"q3":31,"iqr":23.0896,"outliers":116,"skewness":4.779253292372355,"kurtosis":33.20428925264469},"Cabin":{"type":"categorical","totalCount":891,"validCount":891,"missingCount":0,"missingPercent":0,"unique":148,"uniquePercent":16.610549943883278,"topValues":[["\\N",687],["G6",4],["C23 C25 C27",4],["B96 B98",4],["F33",3],["E101",3],["F2",3],["D",3],["C22 C26",3],["C123",2]],"entropy":2.3939205912987447,"mode":"\\N","modeCount":687,"modePercent":77.10437710437711},"Embarked":{"type":"categorical","totalCount":891,"validCount":891,"missingCount":0,"missingPercent":0,"unique":4,"uniquePercent":0.44893378226711567,"topValues":[["S",644],["C",168],["Q",77],["\\N",2]],"entropy":1.117393450740606,"mode":"S","modeCount":644,"modePercent":72.27833894500561}},"correlations":{"all":[{"pair":"Pclass & Fare","colA":"Pclass","colB":"Fare","correlation":-0.5494996199439061,"strength":0.5494996199439061,"sampleSize":891},{"pair":"SibSp & Parch","colA":"SibSp","colB":"Parch","correlation":0.4148376986201526,"strength":0.4148376986201526,"sampleSize":891},{"pair":"Survived & Pclass","colA":"Survived","colB":"Pclass","correlation":-0.33848103596101586,"strength":0.33848103596101586,"sampleSize":891},{"pair":"Survived & Fare","colA":"Survived","colB":"Fare","correlation":0.2573065223849618,"strength":0.2573065223849618,"sampleSize":891},{"pair":"Parch & Fare","colA":"Parch","colB":"Fare","correlation":0.21622494477076254,"strength":0.21622494477076254,"sampleSize":891},{"pair":"SibSp & Fare","colA":"SibSp","colB":"Fare","correlation":0.15965104324216106,"strength":0.15965104324216106,"sampleSize":891},{"pair":"Pclass & SibSp","colA":"Pclass","colB":"SibSp","correlation":0.0830813628456866,"strength":0.0830813628456866,"sampleSize":891},{"pair":"Survived & Parch","colA":"Survived","colB":"Parch","correlation":0.08162940708348222,"strength":0.08162940708348222,"sampleSize":891},{"pair":"PassengerId & Ticket","colA":"PassengerId","colB":"Ticket","correlation":-0.07539784377603907,"strength":0.07539784377603907,"sampleSize":661},{"pair":"PassengerId & SibSp","colA":"PassengerId","colB":"SibSp","correlation":-0.057526833784441705,"strength":0.057526833784441705,"sampleSize":891},{"pair":"Pclass & Ticket","colA":"Pclass","colB":"Ticket","correlation":0.05025501788758814,"strength":0.05025501788758814,"sampleSize":661},{"pair":"SibSp & Ticket","colA":"SibSp","colB":"Ticket","correlation":0.044231963567547924,"strength":0.044231963567547924,"sampleSize":661},{"pair":"Pclass & Age","colA":"Pclass","colB":"Age","correlation":0.04314043368044629,"strength":0.04314043368044629,"sampleSize":714},{"pair":"PassengerId & Age","colA":"PassengerId","colB":"Age","correlation":0.0365222527600179,"strength":0.0365222527600179,"sampleSize":714},{"pair":"Survived & SibSp","colA":"Survived","colB":"SibSp","correlation":-0.03532249888573589,"strength":0.03532249888573589,"sampleSize":891},{"pair":"PassengerId & Pclass","colA":"PassengerId","colB":"Pclass","correlation":-0.03514399403037967,"strength":0.03514399403037967,"sampleSize":891},{"pair":"Ticket & Fare","colA":"Ticket","colB":"Fare","correlation":-0.03472639681813232,"strength":0.03472639681813232,"sampleSize":661},{"pair":"Parch & Ticket","colA":"Parch","colB":"Ticket","correlation":-0.025901754787411618,"strength":0.025901754787411618,"sampleSize":661},{"pair":"Age & Parch","colA":"Age","colB":"Parch","correlation":-0.022912044787579376,"strength":0.022912044787579376,"sampleSize":714},{"pair":"Pclass & Parch","colA":"Pclass","colB":"Parch","correlation":0.01844267131074835,"strength":0.01844267131074835,"sampleSize":891},{"pair":"Age & Ticket","colA":"Age","colB":"Ticket","correlation":-0.013923024637729176,"strength":0.013923024637729176,"sampleSize":661},{"pair":"PassengerId & Fare","colA":"PassengerId","colB":"Fare","correlation":0.01265821928749123,"strength":0.01265821928749123,"sampleSize":891},{"pair":"Age & Fare","colA":"Age","colB":"Fare","correlation":0.010589041794629637,"strength":0.010589041794629637,"sampleSize":714},{"pair":"Survived & Ticket","colA":"Survived","colB":"Ticket",