{"fingerprint":"521660fa48740a3e97da4d6bf1a2078ba2c93db8bf20a8c0a2f8df6f80176f15","timestamp":1749680547735,"result":{"columnStats":{"job_id":{"type":"categorical","totalCount":5344,"validCount":5344,"missingCount":0,"missingPercent":0,"unique":5344,"uniquePercent":100,"topValues":[["AI00107",1],["AI00185",1],["AI00297",1],["AI00324",1],["AI00370",1],["AI00427",1],["AI00519",1],["AI00758",1],["AI00795",1],["AI00809",1]],"entropy":12.38370429247562,"mode":"AI00107","modeCount":1,"modePercent":0.018712574850299403},"job_title":{"type":"categorical","totalCount":5344,"validCount":5344,"missingCount":0,"missingPercent":0,"unique":20,"uniquePercent":0.37425149700598803,"topValues":[["Machine Learning Researcher",281],["AI Software Engineer",277],["Autonomous Systems Engineer",276],["Machine Learning Engineer",275],["AI Architect",274],["NLP Engineer",272],["Head of AI",272],["AI Research Scientist",271],["Data Analyst",271],["Robotics Engineer",271]],"entropy":4.3212725501669675,"mode":"Machine Learning Researcher","modeCount":281,"modePercent":5.258233532934132},"salary_usd":{"type":"numeric","totalCount":5344,"validCount":5344,"missingCount":0,"missingPercent":0,"unique":5245,"uniquePercent":98.14745508982035,"min":32519,"max":399095,"mean":115186.75299401197,"median":99828.5,"mode":51000,"stdDev":60117.94260987056,"variance":3614167023.64369,"q1":69974.5,"q3":146379.25,"iqr":76404.75,"outliers":178,"skewness":1.2675786882768347,"kurtosis":1.6459353574936557},"salary_currency":{"type":"categorical","totalCount":5344,"validCount":5344,"missingCount":0,"missingPercent":0,"unique":3,"uniquePercent":0.0561377245508982,"topValues":[["USD",4249],["EUR",838],["GBP",257]],"entropy":0.8927039531615454,"mode":"USD","modeCount":4249,"modePercent":79.50973053892216},"experience_level":{"type":"categorical","totalCount":5344,"validCount":5344,"missingCount":0,"missingPercent":0,"unique":4,"uniquePercent":0.07485029940119761,"topValues":[["MI",1357],["EN",1340],["SE",1328],["EX",1319]],"entropy":1.9999182573491705,"mode":"MI","modeCount":1357,"modePercent":25.392964071856287},"employment_type":{"type":"categorical","totalCount":5344,"validCount":5344,"missingCount":0,"missingPercent":0,"unique":4,"uniquePercent":0.07485029940119761,"topValues":[["FT",1360],["CT",1345],["FL",1328],["PT",1311]],"entropy":1.9998639601015087,"mode":"FT","modeCount":1360,"modePercent":25.449101796407188},"company_location":{"type":"categorical","totalCount":5344,"validCount":5344,"missingCount":0,"missingPercent":0,"unique":20,"uniquePercent":0.37425149700598803,"topValues":[["Germany",291],["Denmark",287],["France",278],["Canada",277],["Singapore",277],["Switzerland",275],["Finland",274],["Israel",269],["Netherlands",269],["Austria",267]],"entropy":4.320566046852959,"mode":"Germany","modeCount":291,"modePercent":5.445359281437126},"company_size":{"type":"categorical","totalCount":5344,"validCount":5344,"missingCount":0,"missingPercent":0,"unique":3,"uniquePercent":0.0561377245508982,"topValues":[["L",1814],["M",1770],["S",1760]],"entropy":1.5848377500489628,"mode":"L","modeCount":1814,"modePercent":33.94461077844311},"employee_residence":{"type":"categorical","totalCount":5344,"validCount":5344,"missingCount":0,"missingPercent":0,"unique":20,"uniquePercent":0.37425149700598803,"topValues":[["Denmark",290],["India",289],["Sweden",287],["United Kingdom",285],["Canada",283],["Germany",282],["France",281],["South Korea",276],["Austria",275],["Netherlands",272]],"entropy":4.319325732971626,"mode":"Denmark","modeCount":290,"modePercent":5.426646706586826},"remote_ratio":{"type":"numeric","totalCount":5344,"validCount":5344,"missingCount":0,"missingPercent":0,"unique":3,"uniquePercent":0.0561377245508982,"min":0,"max":100,"mean":49.31699101796407,"median":50,"mode":0,"stdDev":40.87828576681519,"variance":1671.034247233405,"q1":0,"q3":100,"iqr":100,"outliers":0,"skewness":0.025132705510978015,"kurtosis":-1.5034982774496972},"required_skills":{"type":"categorical","totalCount":5344,"validCount":5344,"missingCount":0,"missingPercent":0,"unique":5134,"uniquePercent":96.07035928143712,"topValues":[["Python, TensorFlow, PyTorch",6],["Python, TensorFlow, Tableau",4],["R, SQL, Spark",3],["Python, TensorFlow, GCP",3],["Git, Python, TensorFlow",3],["SQL, Linux, PyTorch",3],["SQL, PyTorch, TensorFlow",3],["SQL, PyTorch, GCP",3],["SQL, Azure, TensorFlow",3],["Python, Kubernetes, Docker",3]],"entropy":12.301022286946859,"mode":"Python, TensorFlow, PyTorch","modeCount":6,"modePercent":0.1122754491017964},"education_required":{"type":"categorical","totalCount":5344,"validCount":5344,"missingCount":0,"missingPercent":0,"unique":4,"uniquePercent":0.07485029940119761,"topValues":[["Bachelor",1369],["Associate",1363],["Master",1326],["PhD",1286]],"entropy":1.9995517770285816,"mode":"Bachelor","modeCount":1369,"modePercent":25.61751497005988},"years_experience":{"type":"numeric","totalCount":5344,"validCount":5344,"missingCount":0,"missingPercent":0,"unique":20,"uniquePercent":0.37425149700598803,"min":0,"max":19,"mean":6.193862275449102,"median":4,"mode":0,"stdDev":5.531299729683327,"variance":30.595276699594844,"q1":1,"q3":9,"iqr":8,"outliers":0,"skewness":0.7984119539794922,"kurtosis":-0.4908134140153959},"industry":{"type":"categorical","totalCount":5344,"validCount":5344,"missingCount":0,"missingPercent":0,"unique":15,"uniquePercent":0.280688622754491,"topValues":[["Energy",383],["Automotive",382],["Media",375],["Healthcare",367],["Real Estate",362],["Consulting",362],["Retail",360],["Government",354],["Transportation",353],["Gaming",350]],"entropy":3.9055385325243366,"mode":"Energy","modeCount":383,"modePercent":7.16691616766467},"posting_date":{"type":"categorical","totalCount":5344,"validCount":5344,"missingCount":0,"missingPercent":0,"unique":486,"uniquePercent":9.094311377245509,"topValues":[["2024-03-09",23],["2024-08-17",20],["2025-02-14",20],["2024-06-19",19],["2025-03-31",19],["2024-08-25",19],["2024-06-10",19],["2024-04-24",19],["2024-07-05",19],["2025-03-27",19]],"entropy":8.861822360842615,"mode":"2024-03-09","modeCount":23,"modePercent":0.43038922155688625},"application_deadline":{"type":"categorical","totalCount":5344,"validCount":5344,"missingCount":0,"missingPercent":0,"unique":538,"uniquePercent":10.067365269461078,"topValues":[["2024-05-18",21],["2024-05-28",21],["2025-01-05",20],["2024-06-05",19],["2025-04-08",19],["2024-04-16",19],["2024-08-25",18],["2024-08-19",18],["2024-08-16",18],["2024-07-22",18]],"entropy":8.940321836757676,"mode":"2024-05-18","modeCount":21,"modePercent":0.3929640718562874},"job_description_length":{"type":"numeric","totalCount":5344,"validCount":5344,"missingCount":0,"missingPercent":0,"unique":1875,"uniquePercent":35.086077844311376,"min":500,"max":2499,"mean":1494.7670284431138,"median":1507.5,"mode":1415,"stdDev":579.1351360361575,"variance":335397.50579161866,"q1":989,"q3":1994,"iqr":1005,"outliers":0,"skewness":-0.0050304191206628915,"kurtosis":-1.2037270358913819},"benefits_score":{"type":"numeric","totalCount":5344,"validCount":5344,"missingCount":0,"missingPercent":0,"unique":51,"uniquePercent":0.9543413173652695,"min":5,"max":10,"mean":7.5012911676646885,"median":7.5,"mode":9,"stdDev":1.446226835745672,"variance":2.0915720604309387,"q1":6.3,"q3":8.8,"iqr":2.500000000000001,"outliers":0,"skewness":0.004524432343003107,"kurtosis":-1.2081890169212681},"company_name":{"type":"categorical","totalCount":5344,"validCount":5344,"missingCount":0,"missingPercent":0,"unique":16,"uniquePercent":0.29940119760479045,"topValues":[["TechCorp Inc",366],["Cloud AI Solutions",357],["Cognitive Computing",356],["Algorithmic Solutions",345],["Digital Transformation LLC",343],["DataVision Ltd",341],["Quantum Computing Inc",335],["Advanced Robotics",334],["Neural Networks Co",333],["Predictive Systems",329]],"entropy":3.9982846005408703,"mode":"TechCorp Inc","modeCount":366,"modePercent":6.848802395209582}},"correlations":{"all":[{"pair":"salary_usd & years_experience",